{
  "products": [
    {
      "product_code": "PRD-001",
      "product_name": "ブレーキパッド ASY-F",
      "requires_lot_number": 1
    },
    {
      "product_code": "PRD-002",
      "product_name": "ブレーキパッド ASY-R",
      "requires_lot_number": 1
    },
    {
      "product_code": "PRD-003",
      "product_name": "エンジンオイル 5L缶",
      "requires_lot_number": 1
    },
    {
      "product_code": "PRD-004",
      "product_name": "オイルフィルター E-10",
      "requires_lot_number": 1
    },
    {
      "product_code": "PRD-005",
      "product_name": "エアフィルター A-20",
      "requires_lot_number": 1
    },
    {
      "product_code": "PRD-006",
      "product_name": "トランスミッションフルード",
      "requires_lot_number": 1
    },
    {
      "product_code": "PRD-007",
      "product_name": "冷却水 LLC 2L",
      "requires_lot_number": 1
    },
    {
      "product_code": "PRD-008",
      "product_name": "ブレーキフルード 1L",
      "requires_lot_number": 1
    },

    {
      "product_code": "PRD-101",
      "product_name": "M8x20 ボルト (100個入)",
      "requires_lot_number": 0
    },
    {
      "product_code": "PRD-102",
      "product_name": "M8 ナット (100個入)",
      "requires_lot_number": 0
    },
    {
      "product_code": "PRD-103",
      "product_name": "M8 ワッシャー (100個入)",
      "requires_lot_number": 0
    },
    {
      "product_code": "PRD-104",
      "product_name": "M6x15 ボルト (100個入)",
      "requires_lot_number": 0
    },
    {
      "product_code": "PRD-105",
      "product_name": "M6 ナット (100個入)",
      "requires_lot_number": 0
    },

    {
      "product_code": "PRD-201",
      "product_name": "ワイパーブレード 500mm",
      "requires_lot_number": 0
    },
    {
      "product_code": "PRD-202",
      "product_name": "ワイパーブレード 450mm",
      "requires_lot_number": 0
    },
    {
      "product_code": "PRD-203",
      "product_name": "ヘッドライトバルブ H4",
      "requires_lot_number": 0
    },
    {
      "product_code": "PRD-204",
      "product_name": "ヒューズ 10A (10個入)",
      "requires_lot_number": 0
    },
    {
      "product_code": "PRD-205",
      "product_name": "ヒューズ 15A (10個入)",
      "requires_lot_number": 0
    },
    {
      "product_code": "PRD-206",
      "product_name": "ヒューズ 20A (10個入)",
      "requires_lot_number": 0
    },
    {
      "product_code": "PRD-207",
      "product_name": "バッテリーターミナル B端子",
      "requires_lot_number": 0
    }
  ],
  "lots": [
    {
      "supplier_code": "SUP001",
      "product_code": "PRD-001",
      "lot_number": "L20251015-A",
      "receipt_date": "2025-10-15",
      "expiry_date": "2025-11-30",
      "warehouse_code": "WH001"
    },
    {
      "supplier_code": "SUP001",
      "product_code": "PRD-001",
      "lot_number": "L20251020-B",
      "receipt_date": "2025-10-20",
      "expiry_date": "2026-04-20",
      "warehouse_code": "WH001"
    },
    {
      "supplier_code": "SUP001",
      "product_code": "PRD-002",
      "lot_number": "L20251018-C",
      "receipt_date": "2025-10-18",
      "expiry_date": "2026-04-18",
      "warehouse_code": "WH001"
    },
    {
      "supplier_code": "SUP002",
      "product_code": "PRD-003",
      "lot_number": "L20251025-D",
      "receipt_date": "2025-10-25",
      "expiry_date": "2026-10-25",
      "warehouse_code": "WH001"
    },
    {
      "supplier_code": "SUP002",
      "product_code": "PRD-004",
      "lot_number": "L20251026-E",
      "receipt_date": "2025-10-26",
      "expiry_date": "2026-10-26",
      "warehouse_code": "WH001"
    },
    {
      "supplier_code": "SUP001",
      "product_code": "PRD-005",
      "lot_number": "L20251027-F",
      "receipt_date": "2025-10-27",
      "expiry_date": "2026-10-27",
      "warehouse_code": "WH001"
    },
    {
      "supplier_code": "SUP001",
      "product_code": "PRD-006",
      "lot_number": "L20251028-G",
      "receipt_date": "2025-10-28",
      "expiry_date": "2026-04-28",
      "warehouse_code": "WH001"
    },

    {
      "supplier_code": "SUP002",
      "product_code": "PRD-101",
      "lot_number": "COMMON-PRD-101",
      "receipt_date": "2025-10-29",
      "expiry_date": null,
      "warehouse_code": "WH001"
    },
    {
      "supplier_code": "SUP002",
      "product_code": "PRD-102",
      "lot_number": "COMMON-PRD-102",
      "receipt_date": "2025-10-29",
      "expiry_date": null,
      "warehouse_code": "WH001"
    },
    {
      "supplier_code": "SUP002",
      "product_code": "PRD-201",
      "lot_number": "COMMON-PRD-201",
      "receipt_date": "2025-10-29",
      "expiry_date": null,
      "warehouse_code": "WH001"
    }
  ],
  "receipts": [
    {
      "receipt_no": "R20251015-A",
      "supplier_code": "SUP001",
      "warehouse_code": "WH001",
      "receipt_date": "2025-10-15",
      "lines": [
        {
          "line_no": 1,
          "product_code": "PRD-001",
          "lot_id": 1,
          "quantity": 100,
          "unit": "EA"
        }
      ]
    },
    {
      "receipt_no": "R20251020-B",
      "supplier_code": "SUP001",
      "warehouse_code": "WH001",
      "receipt_date": "2025-10-20",
      "lines": [
        {
          "line_no": 1,
          "product_code": "PRD-001",
          "lot_id": 2,
          "quantity": 500,
          "unit": "EA"
        }
      ]
    },
    {
      "receipt_no": "R20251018-C",
      "supplier_code": "SUP001",
      "warehouse_code": "WH001",
      "receipt_date": "2025-10-18",
      "lines": [
        {
          "line_no": 1,
          "product_code": "PRD-002",
          "lot_id": 3,
          "quantity": 300,
          "unit": "EA"
        }
      ]
    },
    {
      "receipt_no": "R20251025-D",
      "supplier_code": "SUP002",
      "warehouse_code": "WH001",
      "receipt_date": "2025-10-25",
      "lines": [
        {
          "line_no": 1,
          "product_code": "PRD-003",
          "lot_id": 4,
          "quantity": 50,
          "unit": "EA"
        }
      ]
    },
    {
      "receipt_no": "R20251026-E",
      "supplier_code": "SUP002",
      "warehouse_code": "WH001",
      "receipt_date": "2025-10-26",
      "lines": [
        {
          "line_no": 1,
          "product_code": "PRD-004",
          "lot_id": 5,
          "quantity": 200,
          "unit": "EA"
        }
      ]
    },
    {
      "receipt_no": "R20251027-F",
      "supplier_code": "SUP001",
      "warehouse_code": "WH001",
      "receipt_date": "2025-10-27",
      "lines": [
        {
          "line_no": 1,
          "product_code": "PRD-005",
          "lot_id": 6,
          "quantity": 150,
          "unit": "EA"
        }
      ]
    },
    {
      "receipt_no": "R20251028-G",
      "supplier_code": "SUP001",
      "warehouse_code": "WH001",
      "receipt_date": "2025-10-28",
      "lines": [
        {
          "line_no": 1,
          "product_code": "PRD-006",
          "lot_id": 7,
          "quantity": 80,
          "unit": "EA"
        }
      ]
    },

    {
      "receipt_no": "R20251029-NONLOT",
      "supplier_code": "SUP002",
      "warehouse_code": "WH001",
      "receipt_date": "2025-10-29",
      "lines": [
        {
          "line_no": 1,
          "product_code": "PRD-101",
          "lot_id": 8,
          "quantity": 5000,
          "unit": "EA"
        },
        {
          "line_no": 2,
          "product_code": "PRD-102",
          "lot_id": 9,
          "quantity": 5000,
          "unit": "EA"
        },
        {
          "line_no": 3,
          "product_code": "PRD-201",
          "lot_id": 10,
          "quantity": 100,
          "unit": "EA"
        }
      ]
    }
  ],
  "orders": [
    {
      "order_no": "ORD-CUS1-A",
      "customer_code": "CUS001",
      "order_date": "2025-11-01",
      "lines": [
        {
          "line_no": 1,
          "product_code": "PRD-001",
          "quantity": 80,
          "unit": "EA",
          "due_date": "2025-11-10"
        },
        {
          "line_no": 2,
          "product_code": "PRD-002",
          "quantity": 50,
          "unit": "EA",
          "due_date": "2025-11-10"
        }
      ]
    },
    {
      "order_no": "ORD-CUS2-B",
      "customer_code": "CUS002",
      "order_date": "2025-11-02",
      "lines": [
        {
          "line_no": 1,
          "product_code": "PRD-101",
          "quantity": 1000,
          "unit": "EA",
          "due_date": "2025-11-12"
        },
        {
          "line_no": 2,
          "product_code": "PRD-102",
          "quantity": 1000,
          "unit": "EA",
          "due_date": "2025-11-12"
        }
      ]
    },
    {
      "order_no": "ORD-CUS1-C",
      "customer_code": "CUS001",
      "order_date": "2025-11-03",
      "lines": [
        {
          "line_no": 1,
          "product_code": "PRD-003",
          "quantity": 10,
          "unit": "EA",
          "due_date": "2025-11-15"
        },
        {
          "line_no": 2,
          "product_code": "PRD-004",
          "quantity": 20,
          "unit": "EA",
          "due_date": "2025-11-15"
        }
      ]
    }
  ]
}
