{"openapi":"3.1.0","info":{"title":"Lot Management API","description":"材料ロット管理システム - バックエンドAPI","version":"2.0.0"},"paths":{"/api/masters/products":{"get":{"tags":["masters","masters"],"summary":"List Products","description":"Return a paginated list of products.","operationId":"list_products_api_masters_products_get","parameters":[{"name":"skip","in":"query","required":false,"schema":{"type":"integer","default":0,"title":"Skip"}},{"name":"limit","in":"query","required":false,"schema":{"type":"integer","default":100,"title":"Limit"}},{"name":"search","in":"query","required":false,"schema":{"anyOf":[{"type":"string"},{"type":"null"}],"title":"Search"}}],"responses":{"200":{"description":"Successful Response","content":{"application/json":{"schema":{"type":"array","items":{"$ref":"#/components/schemas/ProductResponse"},"title":"Response List Products Api Masters Products Get"}}}},"422":{"description":"Validation Error","content":{"application/json":{"schema":{"$ref":"#/components/schemas/HTTPValidationError"}}}}}},"post":{"tags":["masters","masters"],"summary":"Create Product","description":"Create a new product.","operationId":"create_product_api_masters_products_post","requestBody":{"required":true,"content":{"application/json":{"schema":{"$ref":"#/components/schemas/ProductCreate"}}}},"responses":{"201":{"description":"Successful Response","content":{"application/json":{"schema":{"$ref":"#/components/schemas/ProductResponse"}}}},"422":{"description":"Validation Error","content":{"application/json":{"schema":{"$ref":"#/components/schemas/HTTPValidationError"}}}}}}},"/api/masters/products/{product_code}":{"get":{"tags":["masters","masters"],"summary":"Get Product","description":"Fetch a product by its code.","operationId":"get_product_api_masters_products__product_code__get","parameters":[{"name":"product_code","in":"path","required":true,"schema":{"type":"string","title":"Product Code"}}],"responses":{"200":{"description":"Successful Response","content":{"application/json":{"schema":{"$ref":"#/components/schemas/ProductResponse"}}}},"422":{"description":"Validation Error","content":{"application/json":{"schema":{"$ref":"#/components/schemas/HTTPValidationError"}}}}}},"put":{"tags":["masters","masters"],"summary":"Update Product","description":"Update an existing product.","operationId":"update_product_api_masters_products__product_code__put","parameters":[{"name":"product_code","in":"path","required":true,"schema":{"type":"string","title":"Product Code"}}],"requestBody":{"required":true,"content":{"application/json":{"schema":{"$ref":"#/components/schemas/ProductUpdate"}}}},"responses":{"200":{"description":"Successful Response","content":{"application/json":{"schema":{"$ref":"#/components/schemas/ProductResponse"}}}},"422":{"description":"Validation Error","content":{"application/json":{"schema":{"$ref":"#/components/schemas/HTTPValidationError"}}}}}},"delete":{"tags":["masters","masters"],"summary":"Delete Product","description":"Delete a product by its code.","operationId":"delete_product_api_masters_products__product_code__delete","parameters":[{"name":"product_code","in":"path","required":true,"schema":{"type":"string","title":"Product Code"}}],"responses":{"204":{"description":"Successful Response"},"422":{"description":"Validation Error","content":{"application/json":{"schema":{"$ref":"#/components/schemas/HTTPValidationError"}}}}}}},"/api/masters/customers":{"get":{"tags":["masters","masters"],"summary":"List Customers","description":"Return customers.","operationId":"list_customers_api_masters_customers_get","parameters":[{"name":"skip","in":"query","required":false,"schema":{"type":"integer","default":0,"title":"Skip"}},{"name":"limit","in":"query","required":false,"schema":{"type":"integer","default":100,"title":"Limit"}}],"responses":{"200":{"description":"Successful Response","content":{"application/json":{"schema":{"type":"array","items":{"$ref":"#/components/schemas/CustomerResponse"},"title":"Response List Customers Api Masters Customers Get"}}}},"422":{"description":"Validation Error","content":{"application/json":{"schema":{"$ref":"#/components/schemas/HTTPValidationError"}}}}}},"post":{"tags":["masters","masters"],"summary":"Create Customer","description":"Create a new customer.","operationId":"create_customer_api_masters_customers_post","requestBody":{"required":true,"content":{"application/json":{"schema":{"$ref":"#/components/schemas/CustomerCreate"}}}},"responses":{"201":{"description":"Successful Response","content":{"application/json":{"schema":{"$ref":"#/components/schemas/CustomerResponse"}}}},"422":{"description":"Validation Error","content":{"application/json":{"schema":{"$ref":"#/components/schemas/HTTPValidationError"}}}}}}},"/api/masters/customers/{customer_code}":{"get":{"tags":["masters","masters"],"summary":"Get Customer","description":"Fetch a customer by code.","operationId":"get_customer_api_masters_customers__customer_code__get","parameters":[{"name":"customer_code","in":"path","required":true,"schema":{"type":"string","title":"Customer Code"}}],"responses":{"200":{"description":"Successful Response","content":{"application/json":{"schema":{"$ref":"#/components/schemas/CustomerResponse"}}}},"422":{"description":"Validation Error","content":{"application/json":{"schema":{"$ref":"#/components/schemas/HTTPValidationError"}}}}}},"put":{"tags":["masters","masters"],"summary":"Update Customer","description":"Update a customer.","operationId":"update_customer_api_masters_customers__customer_code__put","parameters":[{"name":"customer_code","in":"path","required":true,"schema":{"type":"string","title":"Customer Code"}}],"requestBody":{"required":true,"content":{"application/json":{"schema":{"$ref":"#/components/schemas/CustomerUpdate"}}}},"responses":{"200":{"description":"Successful Response","content":{"application/json":{"schema":{"$ref":"#/components/schemas/CustomerResponse"}}}},"422":{"description":"Validation Error","content":{"application/json":{"schema":{"$ref":"#/components/schemas/HTTPValidationError"}}}}}},"delete":{"tags":["masters","masters"],"summary":"Delete Customer","description":"Delete a customer.","operationId":"delete_customer_api_masters_customers__customer_code__delete","parameters":[{"name":"customer_code","in":"path","required":true,"schema":{"type":"string","title":"Customer Code"}}],"responses":{"204":{"description":"Successful Response"},"422":{"description":"Validation Error","content":{"application/json":{"schema":{"$ref":"#/components/schemas/HTTPValidationError"}}}}}}},"/api/masters/suppliers":{"get":{"tags":["masters","masters"],"summary":"List Suppliers","description":"List suppliers.","operationId":"list_suppliers_api_masters_suppliers_get","parameters":[{"name":"skip","in":"query","required":false,"schema":{"type":"integer","default":0,"title":"Skip"}},{"name":"limit","in":"query","required":false,"schema":{"type":"integer","default":100,"title":"Limit"}}],"responses":{"200":{"description":"Successful Response","content":{"application/json":{"schema":{"type":"array","items":{"$ref":"#/components/schemas/SupplierResponse"},"title":"Response List Suppliers Api Masters Suppliers Get"}}}},"422":{"description":"Validation Error","content":{"application/json":{"schema":{"$ref":"#/components/schemas/HTTPValidationError"}}}}}},"post":{"tags":["masters","masters"],"summary":"Create Supplier","description":"Create supplier.","operationId":"create_supplier_api_masters_suppliers_post","requestBody":{"required":true,"content":{"application/json":{"schema":{"$ref":"#/components/schemas/SupplierCreate"}}}},"responses":{"201":{"description":"Successful Response","content":{"application/json":{"schema":{"$ref":"#/components/schemas/SupplierResponse"}}}},"422":{"description":"Validation Error","content":{"application/json":{"schema":{"$ref":"#/components/schemas/HTTPValidationError"}}}}}}},"/api/masters/suppliers/{supplier_code}":{"get":{"tags":["masters","masters"],"summary":"Get Supplier","description":"Get supplier by code.","operationId":"get_supplier_api_masters_suppliers__supplier_code__get","parameters":[{"name":"supplier_code","in":"path","required":true,"schema":{"type":"string","title":"Supplier Code"}}],"responses":{"200":{"description":"Successful Response","content":{"application/json":{"schema":{"$ref":"#/components/schemas/SupplierResponse"}}}},"422":{"description":"Validation Error","content":{"application/json":{"schema":{"$ref":"#/components/schemas/HTTPValidationError"}}}}}},"put":{"tags":["masters","masters"],"summary":"Update Supplier","description":"Update supplier.","operationId":"update_supplier_api_masters_suppliers__supplier_code__put","parameters":[{"name":"supplier_code","in":"path","required":true,"schema":{"type":"string","title":"Supplier Code"}}],"requestBody":{"required":true,"content":{"application/json":{"schema":{"$ref":"#/components/schemas/SupplierUpdate"}}}},"responses":{"200":{"description":"Successful Response","content":{"application/json":{"schema":{"$ref":"#/components/schemas/SupplierResponse"}}}},"422":{"description":"Validation Error","content":{"application/json":{"schema":{"$ref":"#/components/schemas/HTTPValidationError"}}}}}},"delete":{"tags":["masters","masters"],"summary":"Delete Supplier","description":"Delete supplier.","operationId":"delete_supplier_api_masters_suppliers__supplier_code__delete","parameters":[{"name":"supplier_code","in":"path","required":true,"schema":{"type":"string","title":"Supplier Code"}}],"responses":{"204":{"description":"Successful Response"},"422":{"description":"Validation Error","content":{"application/json":{"schema":{"$ref":"#/components/schemas/HTTPValidationError"}}}}}}},"/api/masters/warehouses":{"get":{"tags":["masters","masters"],"summary":"List Warehouses","description":"List warehouses.","operationId":"list_warehouses_api_masters_warehouses_get","parameters":[{"name":"skip","in":"query","required":false,"schema":{"type":"integer","default":0,"title":"Skip"}},{"name":"limit","in":"query","required":false,"schema":{"type":"integer","default":100,"title":"Limit"}}],"responses":{"200":{"description":"Successful Response","content":{"application/json":{"schema":{"type":"array","items":{"$ref":"#/components/schemas/WarehouseResponse"},"title":"Response List Warehouses Api Masters Warehouses Get"}}}},"422":{"description":"Validation Error","content":{"application/json":{"schema":{"$ref":"#/components/schemas/HTTPValidationError"}}}}}},"post":{"tags":["masters","masters"],"summary":"Create Warehouse","description":"Create warehouse.","operationId":"create_warehouse_api_masters_warehouses_post","requestBody":{"required":true,"content":{"application/json":{"schema":{"$ref":"#/components/schemas/WarehouseCreate"}}}},"responses":{"201":{"description":"Successful Response","content":{"application/json":{"schema":{"$ref":"#/components/schemas/WarehouseResponse"}}}},"422":{"description":"Validation Error","content":{"application/json":{"schema":{"$ref":"#/components/schemas/HTTPValidationError"}}}}}}},"/api/masters/warehouses/{warehouse_code}":{"get":{"tags":["masters","masters"],"summary":"Get Warehouse","description":"Get warehouse by code.","operationId":"get_warehouse_api_masters_warehouses__warehouse_code__get","parameters":[{"name":"warehouse_code","in":"path","required":true,"schema":{"type":"string","title":"Warehouse Code"}}],"responses":{"200":{"description":"Successful Response","content":{"application/json":{"schema":{"$ref":"#/components/schemas/WarehouseResponse"}}}},"422":{"description":"Validation Error","content":{"application/json":{"schema":{"$ref":"#/components/schemas/HTTPValidationError"}}}}}},"put":{"tags":["masters","masters"],"summary":"Update Warehouse","description":"Update warehouse.","operationId":"update_warehouse_api_masters_warehouses__warehouse_code__put","parameters":[{"name":"warehouse_code","in":"path","required":true,"schema":{"type":"string","title":"Warehouse Code"}}],"requestBody":{"required":true,"content":{"application/json":{"schema":{"$ref":"#/components/schemas/WarehouseUpdate"}}}},"responses":{"200":{"description":"Successful Response","content":{"application/json":{"schema":{"$ref":"#/components/schemas/WarehouseResponse"}}}},"422":{"description":"Validation Error","content":{"application/json":{"schema":{"$ref":"#/components/schemas/HTTPValidationError"}}}}}},"delete":{"tags":["masters","masters"],"summary":"Delete Warehouse","description":"Delete warehouse.","operationId":"delete_warehouse_api_masters_warehouses__warehouse_code__delete","parameters":[{"name":"warehouse_code","in":"path","required":true,"schema":{"type":"string","title":"Warehouse Code"}}],"responses":{"204":{"description":"Successful Response"},"422":{"description":"Validation Error","content":{"application/json":{"schema":{"$ref":"#/components/schemas/HTTPValidationError"}}}}}}},"/api/masters/bulk-load":{"post":{"tags":["masters","masters"],"summary":"Bulk Load Masters","description":"Create or update masters in bulk.","operationId":"bulk_load_masters_api_masters_bulk_load_post","requestBody":{"content":{"application/json":{"schema":{"$ref":"#/components/schemas/MasterBulkLoadRequest"}}},"required":true},"responses":{"200":{"description":"Successful Response","content":{"application/json":{"schema":{"$ref":"#/components/schemas/MasterBulkLoadResponse"}}}},"422":{"description":"Validation Error","content":{"application/json":{"schema":{"$ref":"#/components/schemas/HTTPValidationError"}}}}}}},"/api/lots":{"get":{"tags":["lots"],"summary":"List Lots","description":"ロット一覧取得\n\nArgs:\n    skip: スキップ件数\n    limit: 取得件数\n    product_code: 製品コードでフィルタ\n    supplier_code: 仕入先コードでフィルタ\n    warehouse_code: 倉庫コードでフィルタ\n    expiry_from: 有効期限開始日\n    expiry_to: 有効期限終了日\n    with_stock: 在庫あり(>0)のみ取得","operationId":"list_lots_api_lots_get","parameters":[{"name":"skip","in":"query","required":false,"schema":{"type":"integer","default":0,"title":"Skip"}},{"name":"limit","in":"query","required":false,"schema":{"type":"integer","default":100,"title":"Limit"}},{"name":"product_code","in":"query","required":false,"schema":{"anyOf":[{"type":"string"},{"type":"null"}],"title":"Product Code"}},{"name":"supplier_code","in":"query","required":false,"schema":{"anyOf":[{"type":"string"},{"type":"null"}],"title":"Supplier Code"}},{"name":"warehouse_code","in":"query","required":false,"schema":{"anyOf":[{"type":"string"},{"type":"null"}],"title":"Warehouse Code"}},{"name":"expiry_from","in":"query","required":false,"schema":{"anyOf":[{"type":"string","format":"date"},{"type":"null"}],"title":"Expiry From"}},{"name":"expiry_to","in":"query","required":false,"schema":{"anyOf":[{"type":"string","format":"date"},{"type":"null"}],"title":"Expiry To"}},{"name":"with_stock","in":"query","required":false,"schema":{"type":"boolean","default":true,"title":"With Stock"}}],"responses":{"200":{"description":"Successful Response","content":{"application/json":{"schema":{"type":"array","items":{"$ref":"#/components/schemas/LotResponse"},"title":"Response List Lots Api Lots Get"}}}},"422":{"description":"Validation Error","content":{"application/json":{"schema":{"$ref":"#/components/schemas/HTTPValidationError"}}}}}},"post":{"tags":["lots"],"summary":"Create Lot","description":"ロット新規登録\n\n- ロットマスタ登録\n- 現在在庫テーブル初期化","operationId":"create_lot_api_lots_post","requestBody":{"required":true,"content":{"application/json":{"schema":{"$ref":"#/components/schemas/LotCreate"}}}},"responses":{"201":{"description":"Successful Response","content":{"application/json":{"schema":{"$ref":"#/components/schemas/LotResponse"}}}},"422":{"description":"Validation Error","content":{"application/json":{"schema":{"$ref":"#/components/schemas/HTTPValidationError"}}}}}}},"/api/lots/{lot_id}":{"get":{"tags":["lots"],"summary":"Get Lot","description":"ロット詳細取得","operationId":"get_lot_api_lots__lot_id__get","parameters":[{"name":"lot_id","in":"path","required":true,"schema":{"type":"integer","title":"Lot Id"}}],"responses":{"200":{"description":"Successful Response","content":{"application/json":{"schema":{"$ref":"#/components/schemas/LotResponse"}}}},"422":{"description":"Validation Error","content":{"application/json":{"schema":{"$ref":"#/components/schemas/HTTPValidationError"}}}}}},"put":{"tags":["lots"],"summary":"Update Lot","description":"ロット更新","operationId":"update_lot_api_lots__lot_id__put","parameters":[{"name":"lot_id","in":"path","required":true,"schema":{"type":"integer","title":"Lot Id"}}],"requestBody":{"required":true,"content":{"application/json":{"schema":{"$ref":"#/components/schemas/LotUpdate"}}}},"responses":{"200":{"description":"Successful Response","content":{"application/json":{"schema":{"$ref":"#/components/schemas/LotResponse"}}}},"422":{"description":"Validation Error","content":{"application/json":{"schema":{"$ref":"#/components/schemas/HTTPValidationError"}}}}}},"delete":{"tags":["lots"],"summary":"Delete Lot","description":"ロット削除","operationId":"delete_lot_api_lots__lot_id__delete","parameters":[{"name":"lot_id","in":"path","required":true,"schema":{"type":"integer","title":"Lot Id"}}],"responses":{"204":{"description":"Successful Response"},"422":{"description":"Validation Error","content":{"application/json":{"schema":{"$ref":"#/components/schemas/HTTPValidationError"}}}}}}},"/api/lots/{lot_id}/movements":{"get":{"tags":["lots"],"summary":"List Lot Movements","description":"ロットの在庫変動履歴取得","operationId":"list_lot_movements_api_lots__lot_id__movements_get","parameters":[{"name":"lot_id","in":"path","required":true,"schema":{"type":"integer","title":"Lot Id"}}],"responses":{"200":{"description":"Successful Response","content":{"application/json":{"schema":{"type":"array","items":{"$ref":"#/components/schemas/StockMovementResponse"},"title":"Response List Lot Movements Api Lots  Lot Id  Movements Get"}}}},"422":{"description":"Validation Error","content":{"application/json":{"schema":{"$ref":"#/components/schemas/HTTPValidationError"}}}}}}},"/api/lots/movements":{"post":{"tags":["lots"],"summary":"Create Stock Movement","description":"在庫変動記録\n\n- 在庫変動履歴追加\n- 現在在庫更新","operationId":"create_stock_movement_api_lots_movements_post","requestBody":{"content":{"application/json":{"schema":{"$ref":"#/components/schemas/StockMovementCreate"}}},"required":true},"responses":{"201":{"description":"Successful Response","content":{"application/json":{"schema":{"$ref":"#/components/schemas/StockMovementResponse"}}}},"422":{"description":"Validation Error","content":{"application/json":{"schema":{"$ref":"#/components/schemas/HTTPValidationError"}}}}}}},"/api/receipts":{"get":{"tags":["receipts"],"summary":"List Receipts","description":"入荷伝票一覧取得","operationId":"list_receipts_api_receipts_get","parameters":[{"name":"skip","in":"query","required":false,"schema":{"type":"integer","default":0,"title":"Skip"}},{"name":"limit","in":"query","required":false,"schema":{"type":"integer","default":100,"title":"Limit"}}],"responses":{"200":{"description":"Successful Response","content":{"application/json":{"schema":{"type":"array","items":{"$ref":"#/components/schemas/ReceiptHeaderResponse"},"title":"Response List Receipts Api Receipts Get"}}}},"422":{"description":"Validation Error","content":{"application/json":{"schema":{"$ref":"#/components/schemas/HTTPValidationError"}}}}}},"post":{"tags":["receipts"],"summary":"Create Receipt","description":"入荷伝票作成(一括登録)\n\n処理フロー:\n1. 入荷ヘッダ作成\n2. 各明細について:\n   - 入荷明細作成\n   - 在庫変動(receipt)記録\n   - 現在在庫更新","operationId":"create_receipt_api_receipts_post","requestBody":{"required":true,"content":{"application/json":{"schema":{"$ref":"#/components/schemas/ReceiptCreateRequest"}}}},"responses":{"201":{"description":"Successful Response","content":{"application/json":{"schema":{"$ref":"#/components/schemas/ReceiptResponse"}}}},"422":{"description":"Validation Error","content":{"application/json":{"schema":{"$ref":"#/components/schemas/HTTPValidationError"}}}}}}},"/api/receipts/{receipt_id}":{"get":{"tags":["receipts"],"summary":"Get Receipt","description":"入荷伝票詳細取得(明細含む)","operationId":"get_receipt_api_receipts__receipt_id__get","parameters":[{"name":"receipt_id","in":"path","required":true,"schema":{"type":"integer","title":"Receipt Id"}}],"responses":{"200":{"description":"Successful Response","content":{"application/json":{"schema":{"$ref":"#/components/schemas/ReceiptResponse"}}}},"422":{"description":"Validation Error","content":{"application/json":{"schema":{"$ref":"#/components/schemas/HTTPValidationError"}}}}}},"delete":{"tags":["receipts"],"summary":"Delete Receipt","description":"入荷伝票削除\n\n注意: CASCADE削除により明細も削除されるが、\n在庫変動は手動で逆仕訳する必要がある","operationId":"delete_receipt_api_receipts__receipt_id__delete","parameters":[{"name":"receipt_id","in":"path","required":true,"schema":{"type":"integer","title":"Receipt Id"}}],"responses":{"204":{"description":"Successful Response"},"422":{"description":"Validation Error","content":{"application/json":{"schema":{"$ref":"#/components/schemas/HTTPValidationError"}}}}}}},"/api/orders":{"get":{"tags":["orders"],"summary":"List Orders","description":"受注一覧取得","operationId":"list_orders_api_orders_get","parameters":[{"name":"skip","in":"query","required":false,"schema":{"type":"integer","default":0,"title":"Skip"}},{"name":"limit","in":"query","required":false,"schema":{"type":"integer","default":100,"title":"Limit"}},{"name":"status","in":"query","required":false,"schema":{"anyOf":[{"type":"string"},{"type":"null"}],"title":"Status"}},{"name":"customer_code","in":"query","required":false,"schema":{"anyOf":[{"type":"string"},{"type":"null"}],"title":"Customer Code"}},{"name":"date_from","in":"query","required":false,"schema":{"anyOf":[{"type":"string","format":"date"},{"type":"null"}],"title":"Date From"}},{"name":"date_to","in":"query","required":false,"schema":{"anyOf":[{"type":"string","format":"date"},{"type":"null"}],"title":"Date To"}}],"responses":{"200":{"description":"Successful Response","content":{"application/json":{"schema":{"type":"array","items":{"$ref":"#/components/schemas/OrderResponse"},"title":"Response List Orders Api Orders Get"}}}},"422":{"description":"Validation Error","content":{"application/json":{"schema":{"$ref":"#/components/schemas/HTTPValidationError"}}}}}},"post":{"tags":["orders"],"summary":"Create Order","description":"受注作成","operationId":"create_order_api_orders_post","requestBody":{"required":true,"content":{"application/json":{"schema":{"$ref":"#/components/schemas/OrderCreate"}}}},"responses":{"201":{"description":"Successful Response","content":{"application/json":{"schema":{"$ref":"#/components/schemas/OrderWithLinesResponse"}}}},"422":{"description":"Validation Error","content":{"application/json":{"schema":{"$ref":"#/components/schemas/HTTPValidationError"}}}}}}},"/api/orders/{order_id}":{"get":{"tags":["orders"],"summary":"Get Order","description":"受注詳細取得(明細含む)","operationId":"get_order_api_orders__order_id__get","parameters":[{"name":"order_id","in":"path","required":true,"schema":{"type":"integer","title":"Order Id"}}],"responses":{"200":{"description":"Successful Response","content":{"application/json":{"schema":{"$ref":"#/components/schemas/OrderWithLinesResponse"}}}},"422":{"description":"Validation Error","content":{"application/json":{"schema":{"$ref":"#/components/schemas/HTTPValidationError"}}}}}}},"/api/orders/{order_id}/status":{"patch":{"tags":["orders"],"summary":"Update Order Status","description":"受注ステータス更新","operationId":"update_order_status_api_orders__order_id__status_patch","parameters":[{"name":"order_id","in":"path","required":true,"schema":{"type":"integer","title":"Order Id"}}],"requestBody":{"required":true,"content":{"application/json":{"schema":{"type":"object","title":"Request"}}}},"responses":{"200":{"description":"Successful Response","content":{"application/json":{"schema":{"$ref":"#/components/schemas/OrderResponse"}}}},"422":{"description":"Validation Error","content":{"application/json":{"schema":{"$ref":"#/components/schemas/HTTPValidationError"}}}}}}},"/api/orders/{order_id}/cancel":{"delete":{"tags":["orders"],"summary":"Cancel Order","description":"受注キャンセル","operationId":"cancel_order_api_orders__order_id__cancel_delete","parameters":[{"name":"order_id","in":"path","required":true,"schema":{"type":"integer","title":"Order Id"}}],"responses":{"204":{"description":"Successful Response"},"422":{"description":"Validation Error","content":{"application/json":{"schema":{"$ref":"#/components/schemas/HTTPValidationError"}}}}}}},"/api/integration/ai-ocr/submit":{"post":{"tags":["integration"],"summary":"Submit Ocr Data","description":"AI-OCR受注データ取込\n\n処理フロー:\n1. OCR取込ログ作成\n2. 各受注レコードについて:\n   - 得意先・製品のマスタチェック\n   - 受注ヘッダ作成\n   - 受注明細作成\n   - (オプション) フォーキャストマッチング\n3. 結果サマリ返却","operationId":"submit_ocr_data_api_integration_ai_ocr_submit_post","requestBody":{"content":{"application/json":{"schema":{"$ref":"#/components/schemas/OcrSubmissionRequest"}}},"required":true},"responses":{"200":{"description":"Successful Response","content":{"application/json":{"schema":{"$ref":"#/components/schemas/OcrSubmissionResponse"}}}},"422":{"description":"Validation Error","content":{"application/json":{"schema":{"$ref":"#/components/schemas/HTTPValidationError"}}}}}}},"/api/integration/ai-ocr/submissions":{"get":{"tags":["integration"],"summary":"List Ocr Submissions","description":"OCR取込ログ一覧取得","operationId":"list_ocr_submissions_api_integration_ai_ocr_submissions_get","parameters":[{"name":"skip","in":"query","required":false,"schema":{"type":"integer","default":0,"title":"Skip"}},{"name":"limit","in":"query","required":false,"schema":{"type":"integer","default":100,"title":"Limit"}}],"responses":{"200":{"description":"Successful Response","content":{"application/json":{"schema":{"type":"array","items":{"$ref":"#/components/schemas/OcrSubmissionResponse"},"title":"Response List Ocr Submissions Api Integration Ai Ocr Submissions Get"}}}},"422":{"description":"Validation Error","content":{"application/json":{"schema":{"$ref":"#/components/schemas/HTTPValidationError"}}}}}}},"/api/integration/sap/register":{"post":{"tags":["integration"],"summary":"Register To Sap","description":"SAP連携(手動送信)\n\n注意: 実際のSAP APIは実装されていません。\nこれはモック実装です。","operationId":"register_to_sap_api_integration_sap_register_post","requestBody":{"content":{"application/json":{"schema":{"$ref":"#/components/schemas/SapRegisterRequest"}}},"required":true},"responses":{"200":{"description":"Successful Response","content":{"application/json":{"schema":{"$ref":"#/components/schemas/SapRegisterResponse"}}}},"422":{"description":"Validation Error","content":{"application/json":{"schema":{"$ref":"#/components/schemas/HTTPValidationError"}}}}}}},"/api/integration/sap/logs":{"get":{"tags":["integration"],"summary":"List Sap Logs","description":"SAP連携ログ一覧取得","operationId":"list_sap_logs_api_integration_sap_logs_get","parameters":[{"name":"skip","in":"query","required":false,"schema":{"type":"integer","default":0,"title":"Skip"}},{"name":"limit","in":"query","required":false,"schema":{"type":"integer","default":100,"title":"Limit"}}],"responses":{"200":{"description":"Successful Response","content":{"application/json":{"schema":{"type":"array","items":{"$ref":"#/components/schemas/SapSyncLogResponse"},"title":"Response List Sap Logs Api Integration Sap Logs Get"}}}},"422":{"description":"Validation Error","content":{"application/json":{"schema":{"$ref":"#/components/schemas/HTTPValidationError"}}}}}}},"/api/admin/stats":{"get":{"tags":["admin"],"summary":"Get Dashboard Stats","description":"ダッシュボード用の統計情報を返す","operationId":"get_dashboard_stats_api_admin_stats_get","responses":{"200":{"description":"Successful Response","content":{"application/json":{"schema":{"$ref":"#/components/schemas/DashboardStatsResponse"}}}}}}},"/api/admin/reset-database":{"post":{"tags":["admin"],"summary":"Reset Database","description":"データベースリセット（開発環境のみ）\n新スキーマに対応したマスタデータを投入","operationId":"reset_database_api_admin_reset_database_post","responses":{"200":{"description":"Successful Response","content":{"application/json":{"schema":{"$ref":"#/components/schemas/ResponseBase"}}}}}}},"/api/admin/load-full-sample-data":{"post":{"tags":["admin"],"summary":"Load Full Sample Data","description":"一括サンプルデータ投入（新スキーマ対応版）\n\n処理順序:\n1. 製品マスタ\n2. ロット登録\n3. 入荷伝票作成（在庫変動も自動）\n4. 受注登録","operationId":"load_full_sample_data_api_admin_load_full_sample_data_post","requestBody":{"content":{"application/json":{"schema":{"$ref":"#/components/schemas/FullSampleDataRequest"}}},"required":true},"responses":{"200":{"description":"Successful Response","content":{"application/json":{"schema":{"$ref":"#/components/schemas/ResponseBase"}}}},"422":{"description":"Validation Error","content":{"application/json":{"schema":{"$ref":"#/components/schemas/HTTPValidationError"}}}}}}},"/api/admin/presets":{"get":{"tags":["admin"],"summary":"List Presets","description":"Return available preset names.","operationId":"list_presets_api_admin_presets_get","responses":{"200":{"description":"Successful Response","content":{"application/json":{"schema":{"$ref":"#/components/schemas/AdminPresetListResponse"}}}}}}},"/api/admin/load-preset":{"post":{"tags":["admin"],"summary":"Load Preset","description":"Load a preset JSON file and bulk insert masters.","operationId":"load_preset_api_admin_load_preset_post","parameters":[{"name":"name","in":"query","required":true,"schema":{"type":"string","description":"プリセット名","title":"Name"},"description":"プリセット名"}],"responses":{"200":{"description":"Successful Response","content":{"application/json":{"schema":{"$ref":"#/components/schemas/AdminPresetLoadResponse"}}}},"422":{"description":"Validation Error","content":{"application/json":{"schema":{"$ref":"#/components/schemas/HTTPValidationError"}}}}}}},"/api/forecast/list":{"get":{"tags":["forecast"],"summary":"List Forecast Summary","description":"Forecast一覧（フロント表示用）","operationId":"list_forecast_summary_api_forecast_list_get","parameters":[{"name":"product_code","in":"query","required":false,"schema":{"anyOf":[{"type":"string"},{"type":"null"}],"title":"Product Code"}},{"name":"supplier_code","in":"query","required":false,"schema":{"anyOf":[{"type":"string"},{"type":"null"}],"title":"Supplier Code"}}],"responses":{"200":{"description":"Successful Response","content":{"application/json":{"schema":{"$ref":"#/components/schemas/ForecastListResponse"}}}},"422":{"description":"Validation Error","content":{"application/json":{"schema":{"$ref":"#/components/schemas/HTTPValidationError"}}}}}}},"/api/forecast":{"get":{"tags":["forecast"],"summary":"List Forecasts","description":"フォーキャスト一覧取得 (生データ)","operationId":"list_forecasts_api_forecast_get","parameters":[{"name":"skip","in":"query","required":false,"schema":{"type":"integer","default":0,"title":"Skip"}},{"name":"limit","in":"query","required":false,"schema":{"type":"integer","default":100,"title":"Limit"}},{"name":"product_id","in":"query","required":false,"schema":{"anyOf":[{"type":"string"},{"type":"null"}],"title":"Product Id"}},{"name":"customer_id","in":"query","required":false,"schema":{"anyOf":[{"type":"string"},{"type":"null"}],"title":"Customer Id"}},{"name":"product_code","in":"query","required":false,"schema":{"anyOf":[{"type":"string"},{"type":"null"}],"title":"Product Code"}},{"name":"customer_code","in":"query","required":false,"schema":{"anyOf":[{"type":"string"},{"type":"null"}],"title":"Customer Code"}},{"name":"granularity","in":"query","required":false,"schema":{"anyOf":[{"type":"string"},{"type":"null"}],"title":"Granularity"}},{"name":"is_active","in":"query","required":false,"schema":{"anyOf":[{"type":"boolean"},{"type":"null"}],"title":"Is Active"}},{"name":"version_no","in":"query","required":false,"schema":{"anyOf":[{"type":"integer"},{"type":"null"}],"title":"Version No"}}],"responses":{"200":{"description":"Successful Response","content":{"application/json":{"schema":{"type":"array","items":{"$ref":"#/components/schemas/ForecastResponse"},"title":"Response List Forecasts Api Forecast Get"}}}},"422":{"description":"Validation Error","content":{"application/json":{"schema":{"$ref":"#/components/schemas/HTTPValidationError"}}}}}},"post":{"tags":["forecast"],"summary":"Create Forecast","description":"フォーキャスト単一登録","operationId":"create_forecast_api_forecast_post","requestBody":{"required":true,"content":{"application/json":{"schema":{"$ref":"#/components/schemas/ForecastCreate"}}}},"responses":{"201":{"description":"Successful Response","content":{"application/json":{"schema":{"$ref":"#/components/schemas/ForecastResponse"}}}},"422":{"description":"Validation Error","content":{"application/json":{"schema":{"$ref":"#/components/schemas/HTTPValidationError"}}}}}}},"/api/forecast/{forecast_id}":{"get":{"tags":["forecast"],"summary":"Get Forecast","description":"フォーキャスト詳細取得","operationId":"get_forecast_api_forecast__forecast_id__get","parameters":[{"name":"forecast_id","in":"path","required":true,"schema":{"type":"integer","title":"Forecast Id"}}],"responses":{"200":{"description":"Successful Response","content":{"application/json":{"schema":{"$ref":"#/components/schemas/ForecastResponse"}}}},"422":{"description":"Validation Error","content":{"application/json":{"schema":{"$ref":"#/components/schemas/HTTPValidationError"}}}}}},"put":{"tags":["forecast"],"summary":"Update Forecast","description":"フォーキャスト更新","operationId":"update_forecast_api_forecast__forecast_id__put","parameters":[{"name":"forecast_id","in":"path","required":true,"schema":{"type":"integer","title":"Forecast Id"}}],"requestBody":{"required":true,"content":{"application/json":{"schema":{"$ref":"#/components/schemas/ForecastUpdate"}}}},"responses":{"200":{"description":"Successful Response","content":{"application/json":{"schema":{"$ref":"#/components/schemas/ForecastResponse"}}}},"422":{"description":"Validation Error","content":{"application/json":{"schema":{"$ref":"#/components/schemas/HTTPValidationError"}}}}}},"delete":{"tags":["forecast"],"summary":"Delete Forecast","description":"フォーキャスト削除","operationId":"delete_forecast_api_forecast__forecast_id__delete","parameters":[{"name":"forecast_id","in":"path","required":true,"schema":{"type":"integer","title":"Forecast Id"}}],"responses":{"204":{"description":"Successful Response"},"422":{"description":"Validation Error","content":{"application/json":{"schema":{"$ref":"#/components/schemas/HTTPValidationError"}}}}}}},"/api/forecast/bulk":{"post":{"tags":["forecast"],"summary":"Bulk Import Forecasts","description":"フォーキャスト一括登録","operationId":"bulk_import_forecasts_api_forecast_bulk_post","requestBody":{"content":{"application/json":{"schema":{"$ref":"#/components/schemas/ForecastBulkImportRequest"}}},"required":true},"responses":{"201":{"description":"Successful Response","content":{"application/json":{"schema":{"$ref":"#/components/schemas/ForecastBulkImportResponse"}}}},"422":{"description":"Validation Error","content":{"application/json":{"schema":{"$ref":"#/components/schemas/HTTPValidationError"}}}}}}},"/api/forecast/versions":{"get":{"tags":["forecast"],"summary":"List Versions","description":"フォーキャストバージョン一覧取得","operationId":"list_versions_api_forecast_versions_get","responses":{"200":{"description":"Successful Response","content":{"application/json":{"schema":{"$ref":"#/components/schemas/ForecastVersionListResponse"}}}}}}},"/api/forecast/activate":{"post":{"tags":["forecast"],"summary":"Activate Version","description":"指定バージョンをアクティブ化","operationId":"activate_version_api_forecast_activate_post","requestBody":{"content":{"application/json":{"schema":{"$ref":"#/components/schemas/ForecastActivateRequest"}}},"required":true},"responses":{"200":{"description":"Successful Response","content":{"application/json":{"schema":{"$ref":"#/components/schemas/ForecastActivateResponse"}}}},"422":{"description":"Validation Error","content":{"application/json":{"schema":{"$ref":"#/components/schemas/HTTPValidationError"}}}}}}},"/api/forecast/match":{"post":{"tags":["forecast"],"summary":"Match Forecasts","description":"フォーキャストと受注明細の手動マッチング","operationId":"match_forecasts_api_forecast_match_post","requestBody":{"content":{"application/json":{"schema":{"$ref":"#/components/schemas/ForecastMatchRequest"}}},"required":true},"responses":{"200":{"description":"Successful Response","content":{"application/json":{"schema":{"$ref":"#/components/schemas/ForecastMatchResponse"}}}},"422":{"description":"Validation Error","content":{"application/json":{"schema":{"$ref":"#/components/schemas/HTTPValidationError"}}}}}}},"/api/warehouse-alloc/warehouses":{"get":{"tags":["warehouse-alloc"],"summary":"List Warehouses","description":"配分対象の倉庫一覧（新しいwarehouseテーブル）を取得","operationId":"list_warehouses_api_warehouse_alloc_warehouses_get","responses":{"200":{"description":"Successful Response","content":{"application/json":{"schema":{"$ref":"#/components/schemas/WarehouseListResponse"}}}}}}},"/api/allocations/drag-assign":{"post":{"tags":["allocations"],"summary":"Drag Assign Allocation","description":"互換エンドポイント: ドラッグ引当\n※元々 orders.py に存在したものを再実装（URL・I/O変更なし）","operationId":"drag_assign_allocation_api_allocations_drag_assign_post","requestBody":{"content":{"application/json":{"schema":{"$ref":"#/components/schemas/DragAssignRequest"}}},"required":true},"responses":{"200":{"description":"Successful Response","content":{"application/json":{"schema":{}}}},"422":{"description":"Validation Error","content":{"application/json":{"schema":{"$ref":"#/components/schemas/HTTPValidationError"}}}}}}},"/api/allocations/{allocation_id}":{"delete":{"tags":["allocations"],"summary":"Delete Allocation","description":"引当取消（DELETE API, ソフトキャンセル対応）","operationId":"delete_allocation_api_allocations__allocation_id__delete","parameters":[{"name":"allocation_id","in":"path","required":true,"schema":{"type":"integer","title":"Allocation Id"}}],"responses":{"204":{"description":"Successful Response"},"422":{"description":"Validation Error","content":{"application/json":{"schema":{"$ref":"#/components/schemas/HTTPValidationError"}}}}}}},"/api/allocations/preview":{"post":{"tags":["allocations"],"summary":"Preview Allocations","description":"在庫を変更しない FEFO 引当プレビュー","operationId":"preview_allocations_api_allocations_preview_post","requestBody":{"content":{"application/json":{"schema":{"$ref":"#/components/schemas/FefoPreviewRequest"}}},"required":true},"responses":{"200":{"description":"Successful Response","content":{"application/json":{"schema":{"$ref":"#/components/schemas/FefoPreviewResponse"}}}},"422":{"description":"Validation Error","content":{"application/json":{"schema":{"$ref":"#/components/schemas/HTTPValidationError"}}}}}}},"/api/allocations/orders/{order_id}/allocate":{"post":{"tags":["allocations"],"summary":"Allocate Order","description":"注文ID単位でのFEFO引当確定","operationId":"allocate_order_api_allocations_orders__order_id__allocate_post","parameters":[{"name":"order_id","in":"path","required":true,"schema":{"type":"integer","title":"Order Id"}}],"responses":{"200":{"description":"Successful Response","content":{"application/json":{"schema":{"$ref":"#/components/schemas/FefoCommitResponse"}}}},"422":{"description":"Validation Error","content":{"application/json":{"schema":{"$ref":"#/components/schemas/HTTPValidationError"}}}}}}},"/":{"get":{"summary":"Root","description":"ルートエンドポイント","operationId":"root__get","responses":{"200":{"description":"Successful Response","content":{"application/json":{"schema":{}}}}}}}},"components":{"schemas":{"AdminPresetListResponse":{"properties":{"presets":{"items":{"type":"string"},"type":"array","title":"Presets"}},"type":"object","required":["presets"],"title":"AdminPresetListResponse","description":"プリセット名の一覧レスポンス。"},"AdminPresetLoadResponse":{"properties":{"preset":{"type":"string","title":"Preset"},"result":{"$ref":"#/components/schemas/MasterBulkLoadResponse"}},"type":"object","required":["preset","result"],"title":"AdminPresetLoadResponse","description":"プリセット投入結果。"},"CustomerCreate":{"properties":{"customer_code":{"type":"string","title":"Customer Code"},"customer_name":{"type":"string","title":"Customer Name"},"address":{"anyOf":[{"type":"string"},{"type":"null"}],"title":"Address"}},"type":"object","required":["customer_code","customer_name"],"title":"CustomerCreate"},"CustomerResponse":{"properties":{"customer_code":{"type":"string","title":"Customer Code"},"customer_name":{"type":"string","title":"Customer Name"},"address":{"anyOf":[{"type":"string"},{"type":"null"}],"title":"Address"}},"type":"object","required":["customer_code","customer_name"],"title":"CustomerResponse"},"CustomerUpdate":{"properties":{"customer_name":{"anyOf":[{"type":"string"},{"type":"null"}],"title":"Customer Name"},"address":{"anyOf":[{"type":"string"},{"type":"null"}],"title":"Address"}},"type":"object","title":"CustomerUpdate"},"DashboardStatsResponse":{"properties":{"total_stock":{"type":"number","title":"Total Stock"},"total_orders":{"type":"integer","title":"Total Orders"},"unallocated_orders":{"type":"integer","title":"Unallocated Orders"}},"type":"object","required":["total_stock","total_orders","unallocated_orders"],"title":"DashboardStatsResponse","description":"ダッシュボード統計レスポンス"},"DragAssignRequest":{"properties":{"order_line_id":{"type":"integer","title":"Order Line Id"},"lot_id":{"type":"integer","title":"Lot Id"},"allocate_qty":{"type":"number","title":"Allocate Qty"}},"type":"object","required":["order_line_id","lot_id","allocate_qty"],"title":"DragAssignRequest","description":"ドラッグ引当リクエスト"},"FefoCommitResponse":{"properties":{"order_id":{"type":"integer","title":"Order Id"},"created_allocation_ids":{"items":{"type":"integer"},"type":"array","title":"Created Allocation Ids"},"preview":{"$ref":"#/components/schemas/FefoPreviewResponse"}},"type":"object","required":["order_id","preview"],"title":"FefoCommitResponse"},"FefoLineAllocation":{"properties":{"order_line_id":{"type":"integer","title":"Order Line Id"},"product_code":{"type":"string","title":"Product Code"},"required_qty":{"type":"number","title":"Required Qty"},"already_allocated_qty":{"type":"number","title":"Already Allocated Qty"},"allocations":{"items":{"$ref":"#/components/schemas/FefoLotAllocation"},"type":"array","title":"Allocations"},"next_div":{"anyOf":[{"type":"string"},{"type":"null"}],"title":"Next Div"},"warnings":{"items":{"type":"string"},"type":"array","title":"Warnings"}},"type":"object","required":["order_line_id","product_code","required_qty","already_allocated_qty"],"title":"FefoLineAllocation"},"FefoLotAllocation":{"properties":{"lot_id":{"type":"integer","title":"Lot Id"},"lot_number":{"type":"string","title":"Lot Number"},"allocate_qty":{"type":"number","title":"Allocate Qty"},"expiry_date":{"anyOf":[{"type":"string","format":"date"},{"type":"null"}],"title":"Expiry Date"},"receipt_date":{"anyOf":[{"type":"string","format":"date"},{"type":"null"}],"title":"Receipt Date"}},"type":"object","required":["lot_id","lot_number","allocate_qty"],"title":"FefoLotAllocation"},"FefoPreviewRequest":{"properties":{"order_id":{"type":"integer","title":"Order Id"}},"type":"object","required":["order_id"],"title":"FefoPreviewRequest"},"FefoPreviewResponse":{"properties":{"order_id":{"type":"integer","title":"Order Id"},"lines":{"items":{"$ref":"#/components/schemas/FefoLineAllocation"},"type":"array","title":"Lines"},"warnings":{"items":{"type":"string"},"type":"array","title":"Warnings"}},"type":"object","required":["order_id"],"title":"FefoPreviewResponse"},"ForecastActivateRequest":{"properties":{"version_no":{"type":"integer","title":"Version No"},"deactivate_others":{"type":"boolean","title":"Deactivate Others","default":true}},"type":"object","required":["version_no"],"title":"ForecastActivateRequest","description":"バージョンアクティブ化リクエスト"},"ForecastActivateResponse":{"properties":{"success":{"type":"boolean","title":"Success"},"message":{"type":"string","title":"Message"},"activated_version":{"type":"integer","title":"Activated Version"},"deactivated_versions":{"items":{"type":"integer"},"type":"array","title":"Deactivated Versions","default":[]}},"type":"object","required":["success","message","activated_version"],"title":"ForecastActivateResponse","description":"バージョンアクティブ化レスポンス"},"ForecastBulkImportRequest":{"properties":{"version_no":{"type":"integer","title":"Version No"},"version_issued_at":{"type":"string","format":"date-time","title":"Version Issued At"},"source_system":{"type":"string","title":"Source System","default":"external"},"deactivate_old_version":{"type":"boolean","title":"Deactivate Old Version","default":true},"forecasts":{"items":{"$ref":"#/components/schemas/ForecastCreate"},"type":"array","title":"Forecasts"}},"type":"object","required":["version_no","version_issued_at","forecasts"],"title":"ForecastBulkImportRequest","description":"一括インポートリクエスト"},"ForecastBulkImportResponse":{"properties":{"success":{"type":"boolean","title":"Success"},"message":{"type":"string","title":"Message"},"version_no":{"type":"integer","title":"Version No"},"imported_count":{"type":"integer","title":"Imported Count"},"skipped_count":{"type":"integer","title":"Skipped Count"},"error_count":{"type":"integer","title":"Error Count"},"error_details":{"anyOf":[{"type":"string"},{"type":"null"}],"title":"Error Details"}},"type":"object","required":["success","message","version_no","imported_count","skipped_count","error_count"],"title":"ForecastBulkImportResponse","description":"一括インポートレスポンス"},"ForecastCreate":{"properties":{"forecast_id":{"type":"string","title":"Forecast Id"},"product_id":{"type":"string","title":"Product Id"},"customer_id":{"type":"string","title":"Customer Id"},"supplier_id":{"type":"string","title":"Supplier Id"},"granularity":{"type":"string","enum":["daily","dekad","monthly"],"title":"Granularity"},"qty_forecast":{"type":"integer","title":"Qty Forecast"},"version_no":{"type":"integer","title":"Version No","default":1},"version_issued_at":{"type":"string","format":"date-time","title":"Version Issued At"},"source_system":{"type":"string","title":"Source System","default":"external"},"is_active":{"type":"boolean","title":"Is Active","default":true},"date_day":{"anyOf":[{"type":"string","format":"date"},{"type":"null"}],"title":"Date Day"},"date_dekad_start":{"anyOf":[{"type":"string","format":"date"},{"type":"null"}],"title":"Date Dekad Start"},"year_month":{"anyOf":[{"type":"string"},{"type":"null"}],"title":"Year Month"}},"type":"object","required":["forecast_id","product_id","customer_id","supplier_id","granularity","qty_forecast","version_issued_at"],"title":"ForecastCreate","description":"フォーキャスト作成リクエスト"},"ForecastItemOut":{"properties":{"id":{"type":"integer","title":"Id"},"product_code":{"type":"string","title":"Product Code"},"product_name":{"type":"string","title":"Product Name"},"customer_code":{"type":"string","title":"Customer Code"},"supplier_code":{"type":"string","title":"Supplier Code"},"granularity":{"type":"string","title":"Granularity"},"version_no":{"type":"integer","title":"Version No"},"updated_at":{"type":"string","format":"date-time","title":"Updated At"},"daily_data":{"anyOf":[{"additionalProperties":{"type":"number"},"type":"object"},{"type":"null"}],"title":"Daily Data"},"dekad_data":{"anyOf":[{"additionalProperties":{"type":"number"},"type":"object"},{"type":"null"}],"title":"Dekad Data"},"monthly_data":{"anyOf":[{"additionalProperties":{"type":"number"},"type":"object"},{"type":"null"}],"title":"Monthly Data"},"dekad_summary":{"anyOf":[{"additionalProperties":{"type":"number"},"type":"object"},{"type":"null"}],"title":"Dekad Summary"},"customer_name":{"anyOf":[{"type":"string"},{"type":"null"}],"title":"Customer Name","default":"得意先A (ダミー)"},"supplier_name":{"anyOf":[{"type":"string"},{"type":"null"}],"title":"Supplier Name","default":"サプライヤーB (ダミー)"},"unit":{"type":"string","title":"Unit","default":"EA"},"version_history":{"items":{"type":"object"},"type":"array","title":"Version History","default":[]}},"type":"object","required":["id","product_code","product_name","customer_code","supplier_code","granularity","version_no","updated_at"],"title":"ForecastItemOut","description":"Forecast一覧（フロント表示用）"},"ForecastListResponse":{"properties":{"items":{"items":{"$ref":"#/components/schemas/ForecastItemOut"},"type":"array","title":"Items"}},"type":"object","required":["items"],"title":"ForecastListResponse"},"ForecastMatchRequest":{"properties":{"order_id":{"anyOf":[{"type":"integer"},{"type":"null"}],"title":"Order Id"},"order_ids":{"anyOf":[{"items":{"type":"integer"},"type":"array"},{"type":"null"}],"title":"Order Ids"},"date_from":{"anyOf":[{"type":"string","format":"date"},{"type":"null"}],"title":"Date From"},"date_to":{"anyOf":[{"type":"string","format":"date"},{"type":"null"}],"title":"Date To"},"force_rematch":{"type":"boolean","title":"Force Rematch","default":false}},"type":"object","title":"ForecastMatchRequest","description":"マッチングリクエスト"},"ForecastMatchResponse":{"properties":{"success":{"type":"boolean","title":"Success"},"message":{"type":"string","title":"Message"},"total_lines":{"type":"integer","title":"Total Lines"},"matched_lines":{"type":"integer","title":"Matched Lines"},"unmatched_lines":{"type":"integer","title":"Unmatched Lines"},"results":{"items":{"$ref":"#/components/schemas/ForecastMatchResult"},"type":"array","title":"Results","default":[]}},"type":"object","required":["success","message","total_lines","matched_lines","unmatched_lines"],"title":"ForecastMatchResponse","description":"マッチングレスポンス"},"ForecastMatchResult":{"properties":{"order_line_id":{"type":"integer","title":"Order Line Id"},"order_no":{"type":"string","title":"Order No"},"line_no":{"type":"integer","title":"Line No"},"product_code":{"type":"string","title":"Product Code"},"matched":{"type":"boolean","title":"Matched"},"forecast_id":{"anyOf":[{"type":"integer"},{"type":"null"}],"title":"Forecast Id"},"forecast_granularity":{"anyOf":[{"type":"string"},{"type":"null"}],"title":"Forecast Granularity"},"forecast_match_status":{"anyOf":[{"type":"string"},{"type":"null"}],"title":"Forecast Match Status"},"forecast_qty":{"anyOf":[{"type":"number"},{"type":"null"}],"title":"Forecast Qty"}},"type":"object","required":["order_line_id","order_no","line_no","product_code","matched"],"title":"ForecastMatchResult","description":"個別マッチング結果"},"ForecastResponse":{"properties":{"created_at":{"type":"string","format":"date-time","title":"Created At"},"updated_at":{"anyOf":[{"type":"string","format":"date-time"},{"type":"null"}],"title":"Updated At"},"forecast_id":{"type":"string","title":"Forecast Id"},"product_id":{"type":"string","title":"Product Id"},"customer_id":{"type":"string","title":"Customer Id"},"supplier_id":{"type":"string","title":"Supplier Id"},"granularity":{"type":"string","enum":["daily","dekad","monthly"],"title":"Granularity"},"qty_forecast":{"type":"integer","title":"Qty Forecast"},"version_no":{"type":"integer","title":"Version No","default":1},"source_system":{"type":"string","title":"Source System","default":"external"},"is_active":{"type":"boolean","title":"Is Active","default":true},"date_day":{"anyOf":[{"type":"string","format":"date"},{"type":"null"}],"title":"Date Day"},"date_dekad_start":{"anyOf":[{"type":"string","format":"date"},{"type":"null"}],"title":"Date Dekad Start"},"year_month":{"anyOf":[{"type":"string"},{"type":"null"}],"title":"Year Month"},"id":{"type":"integer","title":"Id"},"version_issued_at":{"type":"string","format":"date-time","title":"Version Issued At"}},"type":"object","required":["created_at","forecast_id","product_id","customer_id","supplier_id","granularity","qty_forecast","id","version_issued_at"],"title":"ForecastResponse","description":"フォーキャストレスポンス"},"ForecastUpdate":{"properties":{"qty_forecast":{"anyOf":[{"type":"integer"},{"type":"null"}],"title":"Qty Forecast"},"is_active":{"anyOf":[{"type":"boolean"},{"type":"null"}],"title":"Is Active"}},"type":"object","title":"ForecastUpdate","description":"フォーキャスト更新リクエスト"},"ForecastVersionInfo":{"properties":{"version_no":{"type":"integer","title":"Version No"},"version_issued_at":{"type":"string","format":"date-time","title":"Version Issued At"},"is_active":{"type":"boolean","title":"Is Active"},"forecast_count":{"type":"integer","title":"Forecast Count"},"source_system":{"type":"string","title":"Source System"}},"type":"object","required":["version_no","version_issued_at","is_active","forecast_count","source_system"],"title":"ForecastVersionInfo","description":"バージョン情報"},"ForecastVersionListResponse":{"properties":{"versions":{"items":{"$ref":"#/components/schemas/ForecastVersionInfo"},"type":"array","title":"Versions"}},"type":"object","required":["versions"],"title":"ForecastVersionListResponse","description":"バージョン一覧レスポンス"},"FullSampleDataRequest":{"properties":{"products":{"anyOf":[{"items":{"$ref":"#/components/schemas/ProductCreate"},"type":"array"},{"type":"null"}],"title":"Products"},"lots":{"anyOf":[{"items":{"$ref":"#/components/schemas/LotCreate"},"type":"array"},{"type":"null"}],"title":"Lots"},"receipts":{"anyOf":[{"items":{"$ref":"#/components/schemas/ReceiptCreateRequest"},"type":"array"},{"type":"null"}],"title":"Receipts"},"orders":{"anyOf":[{"items":{"$ref":"#/components/schemas/OcrOrderRecord"},"type":"array"},{"type":"null"}],"title":"Orders"}},"type":"object","title":"FullSampleDataRequest","description":"一括サンプルデータ投入リクエスト\n\n注意: 投入順序が重要 (マスタ -> ロット -> 入荷/受注)"},"HTTPValidationError":{"properties":{"detail":{"items":{"$ref":"#/components/schemas/ValidationError"},"type":"array","title":"Detail"}},"type":"object","title":"HTTPValidationError"},"LotCreate":{"properties":{"supplier_code":{"type":"string","title":"Supplier Code"},"product_code":{"type":"string","title":"Product Code"},"lot_number":{"type":"string","title":"Lot Number"},"receipt_date":{"type":"string","format":"date","title":"Receipt Date"},"mfg_date":{"anyOf":[{"type":"string","format":"date"},{"type":"null"}],"title":"Mfg Date"},"expiry_date":{"anyOf":[{"type":"string","format":"date"},{"type":"null"}],"title":"Expiry Date"},"warehouse_code":{"anyOf":[{"type":"string"},{"type":"null"}],"title":"Warehouse Code"},"warehouse_id":{"anyOf":[{"type":"string"},{"type":"null"}],"title":"Warehouse Id"},"lot_unit":{"anyOf":[{"type":"string"},{"type":"null"}],"title":"Lot Unit"},"kanban_class":{"anyOf":[{"type":"string"},{"type":"null"}],"title":"Kanban Class"},"sales_unit":{"anyOf":[{"type":"string"},{"type":"null"}],"title":"Sales Unit"},"inventory_unit":{"anyOf":[{"type":"string"},{"type":"null"}],"title":"Inventory Unit"},"received_by":{"anyOf":[{"type":"string"},{"type":"null"}],"title":"Received By"},"source_doc":{"anyOf":[{"type":"string"},{"type":"null"}],"title":"Source Doc"},"qc_certificate_status":{"anyOf":[{"type":"string"},{"type":"null"}],"title":"Qc Certificate Status"},"qc_certificate_file":{"anyOf":[{"type":"string"},{"type":"null"}],"title":"Qc Certificate File"}},"type":"object","required":["supplier_code","product_code","lot_number","receipt_date"],"title":"LotCreate"},"LotResponse":{"properties":{"created_at":{"type":"string","format":"date-time","title":"Created At"},"updated_at":{"anyOf":[{"type":"string","format":"date-time"},{"type":"null"}],"title":"Updated At"},"supplier_code":{"type":"string","title":"Supplier Code"},"product_code":{"type":"string","title":"Product Code"},"lot_number":{"type":"string","title":"Lot Number"},"receipt_date":{"type":"string","format":"date","title":"Receipt Date"},"mfg_date":{"anyOf":[{"type":"string","format":"date"},{"type":"null"}],"title":"Mfg Date"},"expiry_date":{"anyOf":[{"type":"string","format":"date"},{"type":"null"}],"title":"Expiry Date"},"warehouse_code":{"anyOf":[{"type":"string"},{"type":"null"}],"title":"Warehouse Code"},"warehouse_id":{"anyOf":[{"type":"string"},{"type":"null"}],"title":"Warehouse Id"},"lot_unit":{"anyOf":[{"type":"string"},{"type":"null"}],"title":"Lot Unit"},"kanban_class":{"anyOf":[{"type":"string"},{"type":"null"}],"title":"Kanban Class"},"sales_unit":{"anyOf":[{"type":"string"},{"type":"null"}],"title":"Sales Unit"},"inventory_unit":{"anyOf":[{"type":"string"},{"type":"null"}],"title":"Inventory Unit"},"received_by":{"anyOf":[{"type":"string"},{"type":"null"}],"title":"Received By"},"source_doc":{"anyOf":[{"type":"string"},{"type":"null"}],"title":"Source Doc"},"qc_certificate_status":{"anyOf":[{"type":"string"},{"type":"null"}],"title":"Qc Certificate Status"},"qc_certificate_file":{"anyOf":[{"type":"string"},{"type":"null"}],"title":"Qc Certificate File"},"id":{"type":"integer","title":"Id"},"current_stock":{"anyOf":[{"type":"number"},{"type":"null"}],"title":"Current Stock"},"product_name":{"anyOf":[{"type":"string"},{"type":"null"}],"title":"Product Name"}},"type":"object","required":["created_at","supplier_code","product_code","lot_number","receipt_date","id"],"title":"LotResponse"},"LotUpdate":{"properties":{"mfg_date":{"anyOf":[{"type":"string","format":"date"},{"type":"null"}],"title":"Mfg Date"},"expiry_date":{"anyOf":[{"type":"string","format":"date"},{"type":"null"}],"title":"Expiry Date"},"warehouse_code":{"anyOf":[{"type":"string"},{"type":"null"}],"title":"Warehouse Code"},"warehouse_id":{"anyOf":[{"type":"string"},{"type":"null"}],"title":"Warehouse Id"},"lot_unit":{"anyOf":[{"type":"string"},{"type":"null"}],"title":"Lot Unit"},"qc_certificate_status":{"anyOf":[{"type":"string"},{"type":"null"}],"title":"Qc Certificate Status"},"qc_certificate_file":{"anyOf":[{"type":"string"},{"type":"null"}],"title":"Qc Certificate File"}},"type":"object","title":"LotUpdate"},"MasterBulkLoadRequest":{"properties":{"warehouses":{"items":{"$ref":"#/components/schemas/WarehouseCreate"},"type":"array","title":"Warehouses"},"suppliers":{"items":{"$ref":"#/components/schemas/SupplierCreate"},"type":"array","title":"Suppliers"},"customers":{"items":{"$ref":"#/components/schemas/CustomerCreate"},"type":"array","title":"Customers"},"products":{"items":{"$ref":"#/components/schemas/ProductCreate"},"type":"array","title":"Products"}},"type":"object","title":"MasterBulkLoadRequest","description":"Bulk load payload for master data."},"MasterBulkLoadResponse":{"properties":{"created":{"additionalProperties":{"items":{"type":"string"},"type":"array"},"type":"object","title":"Created"},"warnings":{"items":{"type":"string"},"type":"array","title":"Warnings"}},"type":"object","title":"MasterBulkLoadResponse","description":"Bulk load result summary."},"OcrOrderRecord":{"properties":{"order_no":{"type":"string","title":"Order No"},"customer_code":{"type":"string","title":"Customer Code"},"order_date":{"anyOf":[{"type":"string"},{"type":"null"}],"title":"Order Date"},"lines":{"items":{"$ref":"#/components/schemas/OrderLineCreate"},"type":"array","title":"Lines"}},"type":"object","required":["order_no","customer_code","lines"],"title":"OcrOrderRecord","description":"OCR受注レコード"},"OcrSubmissionRequest":{"properties":{"source":{"type":"string","title":"Source","default":"PAD"},"schema_version":{"type":"string","title":"Schema Version","default":"1.0.0"},"file_name":{"anyOf":[{"type":"string"},{"type":"null"}],"title":"File Name"},"operator":{"anyOf":[{"type":"string"},{"type":"null"}],"title":"Operator"},"records":{"items":{"$ref":"#/components/schemas/OcrOrderRecord"},"type":"array","title":"Records"}},"type":"object","required":["records"],"title":"OcrSubmissionRequest","description":"OCR取込リクエスト"},"OcrSubmissionResponse":{"properties":{"status":{"type":"string","title":"Status"},"submission_id":{"type":"string","title":"Submission Id"},"created_orders":{"type":"integer","title":"Created Orders"},"created_lines":{"type":"integer","title":"Created Lines"},"total_records":{"type":"integer","title":"Total Records"},"processed_records":{"type":"integer","title":"Processed Records"},"failed_records":{"type":"integer","title":"Failed Records"},"skipped_records":{"type":"integer","title":"Skipped Records"},"error_details":{"anyOf":[{"type":"string"},{"type":"null"}],"title":"Error Details"}},"type":"object","required":["status","submission_id","created_orders","created_lines","total_records","processed_records","failed_records","skipped_records"],"title":"OcrSubmissionResponse","description":"OCR取込レスポンス"},"OrderCreate":{"properties":{"order_no":{"type":"string","title":"Order No"},"customer_code":{"type":"string","title":"Customer Code"},"order_date":{"anyOf":[{"type":"string","format":"date"},{"type":"null"}],"title":"Order Date"},"status":{"type":"string","title":"Status","default":"open"},"customer_order_no":{"anyOf":[{"type":"string"},{"type":"null"}],"title":"Customer Order No"},"lines":{"anyOf":[{"items":{"$ref":"#/components/schemas/OrderLineCreate"},"type":"array"},{"type":"null"}],"title":"Lines"}},"type":"object","required":["order_no","customer_code"],"title":"OrderCreate"},"OrderLineCreate":{"properties":{"line_no":{"type":"integer","title":"Line No"},"product_code":{"type":"string","title":"Product Code"},"quantity":{"type":"number","title":"Quantity"},"unit":{"anyOf":[{"type":"string"},{"type":"null"}],"title":"Unit"},"due_date":{"anyOf":[{"type":"string","format":"date"},{"type":"null"}],"title":"Due Date"},"external_unit":{"type":"string","minLength":1,"title":"External Unit"}},"type":"object","required":["line_no","product_code","quantity","external_unit"],"title":"OrderLineCreate"},"OrderLineResponse":{"properties":{"line_no":{"type":"integer","title":"Line No"},"product_code":{"type":"string","title":"Product Code"},"quantity":{"type":"number","title":"Quantity"},"unit":{"anyOf":[{"type":"string"},{"type":"null"}],"title":"Unit"},"due_date":{"anyOf":[{"type":"string","format":"date"},{"type":"null"}],"title":"Due Date"},"id":{"type":"integer","title":"Id"},"order_id":{"type":"integer","title":"Order Id"},"created_at":{"type":"string","format":"date-time","title":"Created At"},"allocated_qty":{"anyOf":[{"type":"number"},{"type":"null"}],"title":"Allocated Qty"},"forecast_id":{"anyOf":[{"type":"integer"},{"type":"null"}],"title":"Forecast Id"},"forecast_granularity":{"anyOf":[{"type":"string"},{"type":"null"}],"title":"Forecast Granularity"},"forecast_match_status":{"anyOf":[{"type":"string"},{"type":"null"}],"title":"Forecast Match Status"},"forecast_qty":{"anyOf":[{"type":"number"},{"type":"null"}],"title":"Forecast Qty"},"forecast_version_no":{"anyOf":[{"type":"integer"},{"type":"null"}],"title":"Forecast Version No"}},"type":"object","required":["line_no","product_code","quantity","id","order_id","created_at"],"title":"OrderLineResponse"},"OrderResponse":{"properties":{"created_at":{"type":"string","format":"date-time","title":"Created At"},"updated_at":{"anyOf":[{"type":"string","format":"date-time"},{"type":"null"}],"title":"Updated At"},"order_no":{"type":"string","title":"Order No"},"customer_code":{"type":"string","title":"Customer Code"},"order_date":{"anyOf":[{"type":"string","format":"date"},{"type":"null"}],"title":"Order Date"},"status":{"type":"string","title":"Status","default":"open"},"customer_order_no":{"anyOf":[{"type":"string"},{"type":"null"}],"title":"Customer Order No"},"id":{"type":"integer","title":"Id"},"sap_order_id":{"anyOf":[{"type":"string"},{"type":"null"}],"title":"Sap Order Id"},"sap_status":{"anyOf":[{"type":"string"},{"type":"null"}],"title":"Sap Status"},"sap_sent_at":{"anyOf":[{"type":"string","format":"date-time"},{"type":"null"}],"title":"Sap Sent At"},"sap_error_msg":{"anyOf":[{"type":"string"},{"type":"null"}],"title":"Sap Error Msg"}},"type":"object","required":["created_at","order_no","customer_code","id"],"title":"OrderResponse"},"OrderWithLinesResponse":{"properties":{"created_at":{"type":"string","format":"date-time","title":"Created At"},"updated_at":{"anyOf":[{"type":"string","format":"date-time"},{"type":"null"}],"title":"Updated At"},"order_no":{"type":"string","title":"Order No"},"customer_code":{"type":"string","title":"Customer Code"},"order_date":{"anyOf":[{"type":"string","format":"date"},{"type":"null"}],"title":"Order Date"},"status":{"type":"string","title":"Status","default":"open"},"customer_order_no":{"anyOf":[{"type":"string"},{"type":"null"}],"title":"Customer Order No"},"id":{"type":"integer","title":"Id"},"sap_order_id":{"anyOf":[{"type":"string"},{"type":"null"}],"title":"Sap Order Id"},"sap_status":{"anyOf":[{"type":"string"},{"type":"null"}],"title":"Sap Status"},"sap_sent_at":{"anyOf":[{"type":"string","format":"date-time"},{"type":"null"}],"title":"Sap Sent At"},"sap_error_msg":{"anyOf":[{"type":"string"},{"type":"null"}],"title":"Sap Error Msg"},"lines":{"items":{"$ref":"#/components/schemas/OrderLineResponse"},"type":"array","title":"Lines"}},"type":"object","required":["created_at","order_no","customer_code","id"],"title":"OrderWithLinesResponse","description":"受注詳細レスポンス(明細含む)"},"ProductCreate":{"properties":{"product_code":{"type":"string","title":"Product Code"},"product_name":{"type":"string","title":"Product Name"},"customer_part_no":{"anyOf":[{"type":"string"},{"type":"null"}],"title":"Customer Part No"},"maker_part_no":{"anyOf":[{"type":"string"},{"type":"null"}],"title":"Maker Part No"},"packaging_qty":{"anyOf":[{"type":"number","exclusiveMinimum":0.0},{"type":"string"}],"title":"Packaging Qty"},"packaging_unit":{"type":"string","minLength":1,"title":"Packaging Unit"},"internal_unit":{"type":"string","minLength":1,"title":"Internal Unit"},"base_unit":{"type":"string","title":"Base Unit","default":"EA"},"packaging":{"anyOf":[{"type":"string"},{"type":"null"}],"title":"Packaging"},"assemble_div":{"anyOf":[{"type":"string"},{"type":"null"}],"title":"Assemble Div"},"next_div":{"anyOf":[{"type":"string"},{"type":"null"}],"title":"Next Div"},"shelf_life_days":{"anyOf":[{"type":"integer"},{"type":"null"}],"title":"Shelf Life Days"},"requires_lot_number":{"type":"boolean","title":"Requires Lot Number","default":true}},"type":"object","required":["product_code","product_name","packaging_qty","packaging_unit","internal_unit"],"title":"ProductCreate"},"ProductResponse":{"properties":{"product_code":{"type":"string","title":"Product Code"},"product_name":{"type":"string","title":"Product Name"},"customer_part_no":{"anyOf":[{"type":"string"},{"type":"null"}],"title":"Customer Part No"},"maker_part_no":{"anyOf":[{"type":"string"},{"type":"null"}],"title":"Maker Part No"},"packaging_qty":{"type":"string","title":"Packaging Qty"},"packaging_unit":{"type":"string","minLength":1,"title":"Packaging Unit"},"internal_unit":{"type":"string","minLength":1,"title":"Internal Unit"},"base_unit":{"type":"string","title":"Base Unit","default":"EA"},"packaging":{"anyOf":[{"type":"string"},{"type":"null"}],"title":"Packaging"},"assemble_div":{"anyOf":[{"type":"string"},{"type":"null"}],"title":"Assemble Div"},"next_div":{"anyOf":[{"type":"string"},{"type":"null"}],"title":"Next Div"},"shelf_life_days":{"anyOf":[{"type":"integer"},{"type":"null"}],"title":"Shelf Life Days"},"requires_lot_number":{"type":"boolean","title":"Requires Lot Number","default":true}},"type":"object","required":["product_code","product_name","packaging_qty","packaging_unit","internal_unit"],"title":"ProductResponse"},"ProductUpdate":{"properties":{"product_name":{"anyOf":[{"type":"string"},{"type":"null"}],"title":"Product Name"},"customer_part_no":{"anyOf":[{"type":"string"},{"type":"null"}],"title":"Customer Part No"},"maker_part_no":{"anyOf":[{"type":"string"},{"type":"null"}],"title":"Maker Part No"},"packaging_qty":{"anyOf":[{"type":"number","exclusiveMinimum":0.0},{"type":"string"},{"type":"null"}],"title":"Packaging Qty"},"packaging_unit":{"anyOf":[{"type":"string"},{"type":"null"}],"title":"Packaging Unit"},"internal_unit":{"anyOf":[{"type":"string"},{"type":"null"}],"title":"Internal Unit"},"base_unit":{"anyOf":[{"type":"string"},{"type":"null"}],"title":"Base Unit"},"packaging":{"anyOf":[{"type":"string"},{"type":"null"}],"title":"Packaging"},"assemble_div":{"anyOf":[{"type":"string"},{"type":"null"}],"title":"Assemble Div"},"next_div":{"anyOf":[{"type":"string"},{"type":"null"}],"title":"Next Div"},"shelf_life_days":{"anyOf":[{"type":"integer"},{"type":"null"}],"title":"Shelf Life Days"},"requires_lot_number":{"anyOf":[{"type":"boolean"},{"type":"null"}],"title":"Requires Lot Number"}},"type":"object","title":"ProductUpdate"},"ReceiptCreateRequest":{"properties":{"receipt_no":{"type":"string","title":"Receipt No"},"supplier_code":{"type":"string","title":"Supplier Code"},"warehouse_code":{"type":"string","title":"Warehouse Code"},"receipt_date":{"type":"string","format":"date","title":"Receipt Date"},"created_by":{"anyOf":[{"type":"string"},{"type":"null"}],"title":"Created By"},"notes":{"anyOf":[{"type":"string"},{"type":"null"}],"title":"Notes"},"lines":{"items":{"$ref":"#/components/schemas/ReceiptLineCreate"},"type":"array","title":"Lines"}},"type":"object","required":["receipt_no","supplier_code","warehouse_code","receipt_date","lines"],"title":"ReceiptCreateRequest","description":"入荷伝票作成リクエスト(ヘッダー+明細)"},"ReceiptHeaderResponse":{"properties":{"receipt_no":{"type":"string","title":"Receipt No"},"supplier_code":{"type":"string","title":"Supplier Code"},"warehouse_code":{"type":"string","title":"Warehouse Code"},"receipt_date":{"type":"string","format":"date","title":"Receipt Date"},"created_by":{"anyOf":[{"type":"string"},{"type":"null"}],"title":"Created By"},"notes":{"anyOf":[{"type":"string"},{"type":"null"}],"title":"Notes"},"id":{"type":"integer","title":"Id"},"created_at":{"type":"string","format":"date-time","title":"Created At"}},"type":"object","required":["receipt_no","supplier_code","warehouse_code","receipt_date","id","created_at"],"title":"ReceiptHeaderResponse"},"ReceiptLineCreate":{"properties":{"line_no":{"type":"integer","title":"Line No"},"product_code":{"type":"string","title":"Product Code"},"lot_id":{"anyOf":[{"type":"integer"},{"type":"null"}],"title":"Lot Id"},"lot_number":{"anyOf":[{"type":"string"},{"type":"null"}],"title":"Lot Number"},"quantity":{"type":"number","title":"Quantity"},"unit":{"anyOf":[{"type":"string"},{"type":"null"}],"title":"Unit"},"notes":{"anyOf":[{"type":"string"},{"type":"null"}],"title":"Notes"}},"type":"object","required":["line_no","product_code","quantity"],"title":"ReceiptLineCreate"},"ReceiptLineResponse":{"properties":{"line_no":{"type":"integer","title":"Line No"},"product_code":{"type":"string","title":"Product Code"},"lot_id":{"anyOf":[{"type":"integer"},{"type":"null"}],"title":"Lot Id"},"lot_number":{"anyOf":[{"type":"string"},{"type":"null"}],"title":"Lot Number"},"quantity":{"type":"number","title":"Quantity"},"unit":{"anyOf":[{"type":"string"},{"type":"null"}],"title":"Unit"},"notes":{"anyOf":[{"type":"string"},{"type":"null"}],"title":"Notes"},"id":{"type":"integer","title":"Id"},"header_id":{"type":"integer","title":"Header Id"},"created_at":{"type":"string","format":"date-time","title":"Created At"}},"type":"object","required":["line_no","product_code","quantity","id","header_id","created_at"],"title":"ReceiptLineResponse"},"ReceiptResponse":{"properties":{"receipt_no":{"type":"string","title":"Receipt No"},"supplier_code":{"type":"string","title":"Supplier Code"},"warehouse_code":{"type":"string","title":"Warehouse Code"},"receipt_date":{"type":"string","format":"date","title":"Receipt Date"},"created_by":{"anyOf":[{"type":"string"},{"type":"null"}],"title":"Created By"},"notes":{"anyOf":[{"type":"string"},{"type":"null"}],"title":"Notes"},"id":{"type":"integer","title":"Id"},"created_at":{"type":"string","format":"date-time","title":"Created At"},"lines":{"items":{"$ref":"#/components/schemas/ReceiptLineResponse"},"type":"array","title":"Lines","default":[]}},"type":"object","required":["receipt_no","supplier_code","warehouse_code","receipt_date","id","created_at"],"title":"ReceiptResponse","description":"入荷伝票レスポンス"},"ResponseBase":{"properties":{"success":{"type":"boolean","title":"Success"},"message":{"anyOf":[{"type":"string"},{"type":"null"}],"title":"Message"},"data":{"anyOf":[{"type":"object"},{"type":"null"}],"title":"Data"}},"type":"object","required":["success"],"title":"ResponseBase","description":"API共通レスポンス"},"SapRegisterOptions":{"properties":{"retry":{"type":"integer","title":"Retry","default":1},"timeout_sec":{"type":"integer","title":"Timeout Sec","default":30}},"type":"object","title":"SapRegisterOptions","description":"SAP送信オプション"},"SapRegisterRequest":{"properties":{"target":{"$ref":"#/components/schemas/SapRegisterTarget"},"options":{"anyOf":[{"$ref":"#/components/schemas/SapRegisterOptions"},{"type":"null"}],"default":{"retry":1,"timeout_sec":30}}},"type":"object","required":["target"],"title":"SapRegisterRequest","description":"SAP送信リクエスト"},"SapRegisterResponse":{"properties":{"status":{"type":"string","title":"Status"},"sap_order_id":{"anyOf":[{"type":"string"},{"type":"null"}],"title":"Sap Order Id"},"sap_status":{"anyOf":[{"type":"string"},{"type":"null"}],"title":"Sap Status"},"sent":{"type":"integer","title":"Sent"},"error_message":{"anyOf":[{"type":"string"},{"type":"null"}],"title":"Error Message"}},"type":"object","required":["status","sent"],"title":"SapRegisterResponse","description":"SAP送信レスポンス"},"SapRegisterTarget":{"properties":{"type":{"type":"string","title":"Type"},"value":{"title":"Value"}},"type":"object","required":["type","value"],"title":"SapRegisterTarget","description":"SAP送信対象指定"},"SapSyncLogResponse":{"properties":{"id":{"type":"integer","title":"Id"},"order_id":{"anyOf":[{"type":"integer"},{"type":"null"}],"title":"Order Id"},"payload":{"anyOf":[{"type":"string"},{"type":"null"}],"title":"Payload"},"result":{"anyOf":[{"type":"string"},{"type":"null"}],"title":"Result"},"status":{"type":"string","title":"Status"},"executed_at":{"type":"string","format":"date-time","title":"Executed At"}},"type":"object","required":["id","status","executed_at"],"title":"SapSyncLogResponse","description":"SAP連携ログレスポンス"},"StockMovementCreate":{"properties":{"product_id":{"type":"string","title":"Product Id"},"warehouse_id":{"type":"string","title":"Warehouse Id"},"lot_id":{"anyOf":[{"type":"integer"},{"type":"null"}],"title":"Lot Id"},"quantity_delta":{"type":"number","title":"Quantity Delta"},"reason":{"type":"string","title":"Reason"},"source_table":{"anyOf":[{"type":"string"},{"type":"null"}],"title":"Source Table"},"source_id":{"anyOf":[{"type":"integer"},{"type":"null"}],"title":"Source Id"},"batch_id":{"anyOf":[{"type":"string"},{"type":"null"}],"title":"Batch Id"},"created_by":{"type":"string","title":"Created By","default":"system"}},"type":"object","required":["product_id","warehouse_id","quantity_delta","reason"],"title":"StockMovementCreate"},"StockMovementResponse":{"properties":{"created_at":{"type":"string","format":"date-time","title":"Created At"},"updated_at":{"anyOf":[{"type":"string","format":"date-time"},{"type":"null"}],"title":"Updated At"},"product_id":{"type":"string","title":"Product Id"},"warehouse_id":{"type":"string","title":"Warehouse Id"},"lot_id":{"anyOf":[{"type":"integer"},{"type":"null"}],"title":"Lot Id"},"quantity_delta":{"type":"number","title":"Quantity Delta"},"reason":{"type":"string","title":"Reason"},"source_table":{"anyOf":[{"type":"string"},{"type":"null"}],"title":"Source Table"},"source_id":{"anyOf":[{"type":"integer"},{"type":"null"}],"title":"Source Id"},"batch_id":{"anyOf":[{"type":"string"},{"type":"null"}],"title":"Batch Id"},"created_by":{"type":"string","title":"Created By","default":"system"},"id":{"type":"integer","title":"Id"},"occurred_at":{"type":"string","format":"date-time","title":"Occurred At"}},"type":"object","required":["created_at","product_id","warehouse_id","quantity_delta","reason","id","occurred_at"],"title":"StockMovementResponse"},"SupplierCreate":{"properties":{"supplier_code":{"type":"string","title":"Supplier Code"},"supplier_name":{"type":"string","title":"Supplier Name"},"address":{"anyOf":[{"type":"string"},{"type":"null"}],"title":"Address"}},"type":"object","required":["supplier_code","supplier_name"],"title":"SupplierCreate"},"SupplierResponse":{"properties":{"supplier_code":{"type":"string","title":"Supplier Code"},"supplier_name":{"type":"string","title":"Supplier Name"},"address":{"anyOf":[{"type":"string"},{"type":"null"}],"title":"Address"}},"type":"object","required":["supplier_code","supplier_name"],"title":"SupplierResponse"},"SupplierUpdate":{"properties":{"supplier_name":{"anyOf":[{"type":"string"},{"type":"null"}],"title":"Supplier Name"},"address":{"anyOf":[{"type":"string"},{"type":"null"}],"title":"Address"}},"type":"object","title":"SupplierUpdate"},"ValidationError":{"properties":{"loc":{"items":{"anyOf":[{"type":"string"},{"type":"integer"}]},"type":"array","title":"Location"},"msg":{"type":"string","title":"Message"},"type":{"type":"string","title":"Error Type"}},"type":"object","required":["loc","msg","type"],"title":"ValidationError"},"WarehouseCreate":{"properties":{"warehouse_code":{"type":"string","title":"Warehouse Code"},"warehouse_name":{"type":"string","title":"Warehouse Name"},"address":{"anyOf":[{"type":"string"},{"type":"null"}],"title":"Address"},"is_active":{"type":"integer","title":"Is Active","default":1}},"type":"object","required":["warehouse_code","warehouse_name"],"title":"WarehouseCreate"},"WarehouseListResponse":{"properties":{"items":{"items":{"$ref":"#/components/schemas/WarehouseOut"},"type":"array","title":"Items"}},"type":"object","required":["items"],"title":"WarehouseListResponse"},"WarehouseOut":{"properties":{"warehouse_code":{"type":"string","title":"Warehouse Code"},"warehouse_name":{"type":"string","title":"Warehouse Name"}},"type":"object","required":["warehouse_code","warehouse_name"],"title":"WarehouseOut"},"WarehouseResponse":{"properties":{"warehouse_code":{"type":"string","title":"Warehouse Code"},"warehouse_name":{"type":"string","title":"Warehouse Name"},"address":{"anyOf":[{"type":"string"},{"type":"null"}],"title":"Address"},"is_active":{"type":"integer","title":"Is Active","default":1}},"type":"object","required":["warehouse_code","warehouse_name"],"title":"WarehouseResponse"},"WarehouseUpdate":{"properties":{"warehouse_name":{"anyOf":[{"type":"string"},{"type":"null"}],"title":"Warehouse Name"},"address":{"anyOf":[{"type":"string"},{"type":"null"}],"title":"Address"},"is_active":{"anyOf":[{"type":"integer"},{"type":"null"}],"title":"Is Active","default":1}},"type":"object","title":"WarehouseUpdate"}}}}